https://apollo-singapore.akamaized.net/v1/files/9o2bmxqauwfz2-IN/image;s=272x0
https://vetstreet.brightspotcdn.com/dims4/default/5c40e17/2147483647/thumbnail/645x380/quality/90/?url=https%3A%2F%2Fvetstreet-brightspot.s3.amazonaws.com%2F51%2F45%2Fa7f47de448fabce6e4a908cb878d%2FPersian-AP-J6XREO-645sm3614.jpg
https://vetstreet-brightspot.s3.amazonaws.com/f7/3b/a9263b9846c7a943e56b9c10f099/Persian-AP-0IUWP7-645sm3614.jpg
https://upload.wikimedia.org/wikipedia/commons/1/1c/Persian_Cat_01.jpg
https://cdn1-www.cattime.com/assets/uploads/2011/12/file_2676_persian-460x290.jpg
https://vetstreet.brightspotcdn.com/dims4/default/303f54d/2147483647/thumbnail/645x380/quality/90/?url=https%3A%2F%2Fvetstreet-brightspot.s3.amazonaws.com%2F29%2Fb6%2Ff4a864144d09974dfe5bf0513e20%2FPersian-AP-V8HE5B-645sm3614.jpg
https://upload.wikimedia.org/wikipedia/commons/thumb/1/15/White_Persian_Cat.jpg/220px-White_Persian_Cat.jpg
https://www.catster.com/wp-content/uploads/2018/11/persian-cat-face.jpg
https://cdn-images-1.medium.com/max/2400/1*MYG8xruNTQv1CPBbqEPG_A.jpeg
https://cdn0.wideopenpets.com/wp-content/uploads/2016/05/bigstock-White-Persian-cats-119116655.jpg
https://www.thesprucepets.com/thmb/9OYLy-ufZAbdRGQBPyGW5ZXUm10=/450x0/filters:no_upscale():max_bytes(150000):strip_icc()/50122757_393198351489429_2336461074070557448_n-5c4cf69f46e0fb00014a2b9f.jpg
https://d17fnq9dkz9hgj.cloudfront.net/breed-uploads/2018/08/persian-detail.jpg?bust=1535567111&width=355
https://geniusvets.s3.amazonaws.com/gv-cat-breeds/Persian-1.jpg
https://cdn2-www.cattime.com/assets/uploads/gallery/persian-cats-and-kittens/persian-cats-and-kittens-1.jpg
https://www.pets4homes.co.uk/images/articles/4396/large/five-personality-traits-of-the-persian-cat-59cbc0cd0f41c.jpg
https://upload.wikimedia.org/wikipedia/commons/thumb/6/67/SnowyandHazy.jpg/220px-SnowyandHazy.jpg
https://previews.123rf.com/images/rukawajung/rukawajung1612/rukawajung161200069/68899821-lovely-white-persian-cats.jpg
https://www.the-cat-guide.com/wp-content/uploads/2017/03/persian-cat-breed-profiles.jpg
https://d3544la1u8djza.cloudfront.net/APHI/Blog/2016/11_November/physical+attributes+of+Persian+cats+_+cream-colored+cat+with+blue+eyes.jpg
https://www.thehappycatsite.com/wp-content/uploads/2018/03/best-brush-for-persian-cats.jpg
https://www.cathealth.com/images/persian_cats_cat_health.jpg
http://www.shop.koolleh.com/wp-content/uploads/2016/04/2091-600x600.jpg
https://modeltheme.com/mt_numbat/wp-content/uploads/2017/06/persian-cat.jpg
https://vetstreet-brightspot.s3.amazonaws.com/32/a5ef70a33311e087a80050568d634f/file/Persian-6-645mk062211.jpg
https://images-na.ssl-images-amazon.com/images/I/61cdp1ZaTGL.jpg
https://www.aspcapetinsurance.com/media/2357/persian-cat-facts.jpg
https://cdn1-www.cattime.com/assets/uploads/gallery/persian-cats-and-kittens/persian-cats-and-kittens-9.jpg
https://i3.cpcache.com/product/1169271119/Persian_cat_looking_angrily_into_cam_Throw_Blanket_300x300.jpg?height=300&width=300&qv=90&side=front
https://www.thesprucepets.com/thmb/wYDZ5xZrAXEHWj7T_cF6IrTyFbw=/450x0/filters:no_upscale():max_bytes(150000):strip_icc()/49360398_123732055342305_2588600126389626605_n-5c4a023e46e0fb00014eeb12.jpg
https://i.pinimg.com/originals/64/23/d6/6423d64c30527f1d1d9d0f6709134e3d.jpg
https://www.johnsonanimalclinic.com/sites/default/files/styles/large/adaptive-image/public/persian-cat-breed-info.jpg?itok=r_jfluuJ
https://vetstreet.brightspotcdn.com/dims4/default/3b8ef5c/2147483647/thumbnail/645x380/quality/90/?url=https%3A%2F%2Fvetstreet-brightspot.s3.amazonaws.com%2Ffb%2Fea%2F7e08b9af408d849345092c2f2dbf%2FPersian-AP-0SQBUN-645sm3614.jpg
https://petsittersireland.com/wp-content/uploads/2018/02/Persian-Cats-Cost.jpg
http://www.breedlist.com/catphotos/per4/per3.jpg
https://cf.ltkcdn.net/cats/images/std/231195-675x450-persian-kitten-with-blue-eyes.jpg
https://petsymptoms.com/wp-content/uploads/2017/09/persian-cat-on-couch-persian-cats-FEATURE-ss.jpg
https://previews.123rf.com/images/isselee/isselee1101/isselee110100481/8650556-young-persian-cat-sitting-in-front-of-white-background.jpg
https://ae01.alicdn.com/kf/HTB1JwQdmMnH8KJjSspcq6z3QFXat/Plush-Fluffy-Persian-Cat-Toys-Pembroke-Pillow-Soft-Stuffed-Cat-Animal-Toys-Baby-Kids-Toys-Christmas.jpg_640x640.jpg
https://images-na.ssl-images-amazon.com/images/I/51k2bJm-1NL.jpg
https://ih1.redbubble.net/image.418730078.4727/flat,550x550,075,f.u4.jpg
https://media.gettyimages.com/photos/white-persian-cat-picture-id904624038?s=612x612
https://img.thrfun.com/img/076/651/persian_cat_x13.jpg
https://cms.chewy.com/cms/spots/product-brand/img/royal-canin-persian-main.jpg
https://t1.ea.ltmcdn.com/en/images/4/0/8/img_bathing_a_persian_cat_step_by_step_guide_804_600.jpg
https://images-na.ssl-images-amazon.com/images/I/41gVYNOLWRL._SX331_BO1,204,203,200_.jpg
http://www.shop.koolleh.com/wp-content/uploads/2016/04/IMG-20150718-121300-3--600x566.jpg
https://render.fineartamerica.com/images/rendered/default/poster/8/10/break/images-medium-5/1940s-long-hair-blue-persian-cat-vintage-images.jpg
https://www.ufaw.org.uk/images/animal-welfare/depositphotos10900249original.jpg
https://i.ytimg.com/vi/Dwsp-IwInLc/maxresdefault.jpg
http://touchme-team.com/wp-content/uploads/2018/07/Top-3-Cat-Litter-That-All-Persian-Cats-Will-Love-1-1170x682.jpg
http://dinoanimals.com/wp-content/uploads/2016/07/Persian_cat.jpg
https://persiancatcorner.com/wp-content/uploads/2017/10/stefan-ivanov-83176-1024x680.jpg
https://i.pinimg.com/originals/be/41/08/be410822b8d62d5db5f73a0f07d5f631.jpg
https://nyoobserver.files.wordpress.com/2013/09/155256950.jpg?quality=80
https://upload.wikimedia.org/wikipedia/commons/9/96/Himalayan_CAT.jpg
https://previews.123rf.com/images/marosmarin/marosmarin1705/marosmarin170500011/78072317-different-breed-of-cats-persian-cat-japanese-shorthair-siamese-american-shorthair-abyssinian-cat-bri.jpg
https://lookaside.fbsbx.com/lookaside/crawler/media/?media_id=487132105141
https://cdn2-www.cattime.com/assets/uploads/gallery/persian-cats-and-kittens/persian-cats-and-kittens-10.jpg
https://cdn.shopify.com/s/files/1/0073/0133/3110/products/Persian_Cat_Printed_Pillow_Filled_Pillow-1.jpg?v=1539164996
https://vignette.wikia.nocookie.net/dogs-cats/images/4/42/Persian_cat.jpg/revision/latest?cb=20091204153000
https://www.pets4homes.co.uk/images/breeds/21/large/1ea5d635518d5111bbbdd1c0e56fc2e9.jpg
https://cdn.shopify.com/s/files/1/2281/5369/products/100203_1_19382a59-8790-4970-b177-06514c749939_x700.jpg?v=1548931559
http://www.arizonapetvet.com/blog/wp-content/uploads/2015/12/shutterstock_69423520.jpg
http://2.bp.blogspot.com/-8oxTha6FnjM/Uh9k7gSpoNI/AAAAAAAADCo/8qOjFwfKomo/s1600/054d7111.jpg
https://image.shutterstock.com/image-photo/persian-kitten-6-months-old-260nw-752719651.jpg
https://images.unsplash.com/photo-1547565527-389ccd19e85b?ixlib=rb-1.2.1&ixid=eyJhcHBfaWQiOjEyMDd9&w=1000&q=80
https://vetstreet.brightspotcdn.com/dims4/default/7cc218c/2147483647/thumbnail/645x380/quality/90/?url=https%3A%2F%2Fvetstreet-brightspot.s3.amazonaws.com%2Fa5%2F69%2Fe639b7ab40c2a290e3296de726d8%2FPersian-AP-PIFN6J-645sm3614.jpg
http://azure.wgp-cdn.co.uk/app-yourcat/posts/persian1.jpg?&width=1200&height=630&mode=crop
https://www.wikihow.com/images/thumb/1/19/Identify-a-Persian-Cat-Step-4-Version-2.jpg/aid1134873-v4-728px-Identify-a-Persian-Cat-Step-4-Version-2.jpg
https://images.fineartamerica.com/images/artworkimages/mediumlarge/1/persian-cat-white-lyssjart-sj.jpg
http://cdn.shopify.com/s/files/1/0344/6469/files/Screen_Shot_2016-11-07_at_1.49.38_PM_large.png?v=1478544593
https://lookaside.fbsbx.com/lookaside/crawler/media/?media_id=479906665381608
https://images.homedepot-static.com/productImages/648e7509-f481-4a0e-8841-1ead6e8805bb/svn/hi-line-gift-garden-statues-87757-a-64_1000.jpg
https://cdn1.bigcommerce.com/n-ww20x/ag5o99/products/3868/images/5940/099243__82812.1516140879.1280.1280.jpg?c=2
https://dollfacepersiankittens.com/wp-content/uploads/2018/04/0T1A9378edsm.jpg
https://images-na.ssl-images-amazon.com/images/I/A1I0XZ7g3tL.jpg
http://www.pethealthnetwork.com/sites/default/files/styles/large/public/the-persian.jpg?itok=8bkWF1_8
https://geniusvets.s3.amazonaws.com/gv-cat-breeds/Persian-4.jpg
https://cdn.pixabay.com/photo/2015/12/14/10/26/cat-1092371__340.jpg
https://www.petinsurancereview.com/sites/default/files/inline-images/Persian%20Cat%20body.jpg
https://banner2.kisspng.com/20180322/ire/kisspng-persian-cat-siberian-cat-norwegian-forest-cat-main-cats-5ab3a1138fb434.8489555715217216195886.jpg
https://laughingsquid.com/wp-content/uploads/2018/11/Wilfred-the-Warrior-Cat-Michael-Rapaport.jpg
https://www.catbreedselector.com/wp-content/uploads/2018/03/Persian-Cat.jpg
https://img-aws.ehowcdn.com/600x600p/photos.demandstudios.com/getty/article/39/62/dv413094.jpg
https://t2.ea.ltmcdn.com/en/images/6/9/2/types_of_persian_cats_296_paso_6_600.jpg
https://www.thesprucepets.com/thmb/CBK8sL-flfI3SFcOVCgDEzylDvw=/450x0/filters:no_upscale():max_bytes(150000):strip_icc()/49933639_1178760245582667_6027275625835318556_n-5c4a1e31c9e77c00016af9af.jpg
https://s3.amazonaws.com/bpv2/images/articles/4/yC5Mmpne0CZmpy9zdYBvkVcpZ63luahYZvAbZJzu.jpeg
https://www.thehappycatsite.com/wp-content/uploads/2018/02/persian-cat-names-header.jpg
https://images.spot.im/v1/production/d6fbhpbldwoeffp0npl7
https://www.buildabear.com/dw/image/v2/BBNG_PRD/on/demandware.static/-/Sites-buildabear-master/default/dw8414ab79/23041x.jpg?sw=600&sh=600&sm=fit&q=70
https://i.ebayimg.com/images/g/Q5UAAOSwwDJcRrFd/s-l640.jpg
https://vetstreet-brightspot.s3.amazonaws.com/03/62/aaa786be45f08aebdd95ad7356f5/Persian-AP-0XHSAT-645sm3614.jpg
https://www.abc.net.au/news/image/10585188-3x2-700x467.jpg
https://www.ducksters.com/animals/persian_kitten.jpg
https://d3544la1u8djza.cloudfront.net/APHI/Blog/2016/11_November/grooming+tips+for+a+Persian+cat+_+grumpy+white+Persian+cat+with+green+eyes.jpg
https://cdn2.vectorstock.com/i/1000x1000/04/81/persian-cat-vector-570481.jpg
https://www.purina.com/sites/g/files/auxxlc196/files/styles/kraken_generic_max_width_240/public/PersianSolid_body_6.jpg?itok=l0css2fz
https://shopjustice.scene7.com/is/image/justiceProdATG/5700251_619?fmt=jpeg&qlt=95,0&resMode=sharp2&op_usm=0.8,1.0,8,0&op_sharpen=1&fit=constrain,1&wid=478&hei=690
https://dbw4iivs1kce3.cloudfront.net/680x390/2018/06/Know-your-breeds-the-persian-2018.jpg
https://persiancatcorner.com/wp-content/uploads/2017/11/IMG_5840-1024x768.jpg?189db0&189db0
https://ih0.redbubble.net/image.463923740.9576/ap,550x550,12x16,1,transparent,t.png
https://kittentoob.com/wp-content/uploads/2011/12/white-persian-cat-540x361.jpg
https://ih0.redbubble.net/image.463923740.9576/ap,550x550,12x16,1,transparent,t.png
https://i.chzbgr.com/full/9062095104/h877CD8B5/
https://cdn3.volusion.com/9nxdj.fchy5/v/vspfiles/photos/AR-02478-2.jpg?1484729241
https://felineculture.com/wp-content/uploads/2018/06/Persian-Cat-2.jpg
https://www.robotshop.com/media/catalog/product/cache/image/380x380/9df78eab33525d08d6e5fb8d27136e95/b/a/baby-persian-cat-robotic-toy_8.jpg
https://petupon.com/wp-content/uploads/2017/09/TC640x531.jpg
https://previews.123rf.com/images/rukawajung/rukawajung1611/rukawajung161100062/66259114-white-persian-cats.jpg
https://1605552014-local-prog-utah-prod.s3-us-west-2.amazonaws.com/styles/feature_image/s3/managed/article/PoshSpice8212sak.jpg?itok=RA3tdYfx
https://petcentral.chewy.com/wp-content/uploads/1970/01/persian-kitten-800x450.jpg
https://www.wikihow.com/images/thumb/0/0e/Identify-a-Persian-Cat-Step-1-Version-3.jpg/aid1134873-v4-728px-Identify-a-Persian-Cat-Step-1-Version-3.jpg
https://purrcraze.com/wp-content/uploads/2019/01/Why-Are-Persian-Cats-So-Expensive_-1.jpg
https://pre00.deviantart.net/e115/th/pre/i/2018/290/4/f/persian_cat_on_a_transparent_background__by_zoostock-dcpnept.png
https://www.petplan.co.uk/images/breeds/persian.jpg
https://www.certapet.com/wp-content/uploads/2018/08/long-haired-cat-breeds-black-persian-cats-serious-face-1024x512.jpg
https://all-about-cats.com/wp-content/uploads/2018/07/persian-cat-960x570.jpg
https://planetdetective.com/wp-content/uploads/Persian-Cat-1.jpg
https://upload.wikimedia.org/wikipedia/commons/thumb/8/84/Persian_aka_Angora_from_1894.JPG/220px-Persian_aka_Angora_from_1894.JPG
https://dollfacepersiankittens.com/wp-content/uploads/2018/07/persian-cat2.jpg
https://imgc.artprintimages.com/img/print/bella-the-persian-cat-gets-a-soaking-to-prepare-her-for-shows-april-1985_u-l-pxrzqz0.jpg?src=gp&w=300&h=300
https://images.fineartamerica.com/images/artworkimages/mediumlarge/2/white-persian-cat-wearing-tiara-gk-hartvikki-hart.jpg
https://images2.minutemediacdn.com/image/upload/c_fill,g_auto,h_1248,w_2220/v1555377725/shape/mentalfloss/persianhed.png?itok=vyeuQbwb
https://canna-pet.com/wp-content/uploads/2017/07/Untitled-design-45.png
https://www.myfamily.it/content/images/thumbs/0026782_white-persian-cat-id-tag.jpeg
https://images.ctfassets.net/uto9522qu1os/photo-102768/b4adc9fe8a1a81d857c643681e8d4850/102768-white-persian-kitten-2.jpg
https://i.ebayimg.com/images/g/LEoAAOSwrDBZaqnU/s-l300.jpg
https://cf.ltkcdn.net/cats/images/std/142729-283x425-White-Persian-with-very-flat-face.jpg
https://image.shutterstock.com/image-photo/persian-cat-sitting-front-white-260nw-91229762.jpg
https://lookaside.fbsbx.com/lookaside/crawler/media/?media_id=263882270423627
https://persiancatcorner.com/wp-content/uploads/2018/07/Persian-face-1024x768.jpg?189db0&189db0
https://i.ytimg.com/vi/IbrFmtMU53c/maxresdefault.jpg
http://animal-world.com/Cats/Natural-Breeds/images/PersianGoldenWEcP_AP6C1647.jpg
https://i3.cpcache.com/product/40465026/white_Persian_Cat_Sticker_300x300.jpg?height=300&width=300&qv=90&side=front
http://www.storytrender.com/wp-content/uploads/2018/07/catturnsliquid-768x432.jpg
http://www.petplan.com.au/blog/wp-content/uploads/2017/07/pet-insurance-9.jpg
https://brit-petfood.com/file/nodes/product/Persk%E2%80%A0.JPG/294x294/FIT
https://www.pets4homes.co.uk/images/articles/948/large/caring-for-a-persian-cat-factors-to-consider-51e6f7f55ef27.jpg
https://www.joann.com/on/demandware.static/-/Sites-joann-product-catalog/default/dwd4767d68/images/hi-res/16/16124786.jpg
https://www.papo-france.com/667-thickbox_default/persian-cat.jpg
https://images-na.ssl-images-amazon.com/images/I/31x-ySUVjDL._SX425_.jpg
https://vetstreet.brightspotcdn.com/dims4/default/95d2184/2147483647/crop/0x0%2B0%2B0/resize/645x380/quality/90/?url=https%3A%2F%2Fvetstreet-brightspot.s3.amazonaws.com%2F15%2Fa57760a33311e087a80050568d634f%2Ffile%2FPersian-4-645mk062211.jpg
https://cdn2.vectorstock.com/i/1000x1000/35/41/hand-drawn-persian-cat-vector-22743541.jpg
http://howitworks.wpengine.com/wp-content/uploads/2012/09/Cat_main.jpg
https://cmkt-image-prd.global.ssl.fastly.net/0.1.0/ps/3991038/910/1364/m1/fpnw/wm1/efhkrsik2f8k8kxsihshhzdbx3ffw3lmrqihe0aa6tqvnrwprksbiq6ku51vgpeg-.jpg?1518434947&s=52a105e382d1f64355aabf14c6db837b
http://www.pawculture.com/uploads/persian-cat.jpg
http://healthypets.royalcanin.com.au/assets/Uploads/Persian-Cat-Information.jpg
https://ae01.alicdn.com/kf/HTB1w4g2hiwIL1JjSZFsq6AXFFXa3/Diamond-Embroidery-Full-Persian-Cat-Diamond-Painting-Cross-Stitch-Siamese-Cat-Painting-Diamonds-Top-Diamonds-Mosaic.jpg_640x640.jpg
http://catnipsum.com/wp-content/uploads/2013/03/smoke-persian-cat-2.jpg
https://kittentoob.com/wp-content/uploads/2017/08/Persian-Cat-11.jpg
https://s3-media1.fl.yelpcdn.com/bphoto/4M39l0ggWntLS--Rogz4ZQ/348s.jpg
http://www.bcspca.org/wp-content/uploads/2017/09/BCSPCA_Persian_2017.09.01-web.jpg
https://cdn.petcarerx.com/LPPE/images/breedguidethumbs/Persian-cats-photo.jpg
https://www.bravotv.com/sites/bravo/files/styles/blog-post-embedded--mobile/public/field_blog_image/2016/12/unleashed-persian-cat.jpg?itok=-SyLIUff
https://cdn.shopify.com/s/files/1/0168/6168/products/FaunaCats-PersianCat-silo-SFMPCAP_a757309e-e7e0-4766-a149-2dec792c9fb6_3600x@2x.jpg?v=1525375371
https://content4.jdmagicbox.com/comp/nagpur/c6/0712px712.x712.170225120002.k9c6/catalogue/persian-cats-grooming-center-mohan-nagar-nagpur-cat-food-retailers-tp5a5.jpg
https://static.boredpanda.com/blog/wp-content/uploads/2017/01/persian-cat-5-pound-fur-carpet-sinbad-fb.png
https://d2pu2bk1b66iw6.cloudfront.net/photos/2015/05/12/6-102771-persian-cat-2-1431447518.jpg
https://i.pinimg.com/originals/b0/e0/66/b0e066f3e1c309f7f51e7c3fc6490bd1.jpg
https://cdn.shopify.com/s/files/1/1229/8970/products/26168_ed0d5714-31aa-412e-bd64-d9256fc077c2_large.jpg?v=1496857201
http://meowlifestyle.com/wp-content/uploads/2015/08/09-03-15-E_Litter0021.jpg
https://cdn3.volusion.com/9nxdj.fchy5/v/vspfiles/photos/NJ-30333-2.jpg
https://felineculture.com/wp-content/uploads/2018/06/Persian-cat.jpg
https://i.etsystatic.com/7134313/d/il/413fbc/1799523032/il_340x270.1799523032_7q6x.jpg?version=0
https://images.fineartamerica.com/images/artworkimages/mediumlarge/2/1-persian-cat-sitting-on-white-rug-gk-hartvikki-hart.jpg
https://banner2.kisspng.com/20180313/zqw/kisspng-sphynx-cat-donskoy-cat-bengal-cat-peruvian-inca-or-hairless-cat-5aa7861f4b8de9.5236237415209282873095.jpg
https://media.gettyimages.com/photos/persian-picture-id537312023?s=612x612
https://upload.wikimedia.org/wikipedia/commons/f/fe/Persian_cat_delivering_her_kittens.jpg
https://persiancatcorner.com/wp-content/uploads/2018/04/big-persian-cat.jpg
https://www.mypetneedsthat.com/wp-content/uploads/2018/10/persian-cat-breed-facts-1068x346.jpg
https://img-aws.ehowcdn.com/240x360p/photos.demandstudios.com/getty/article/18/198/87475594.jpg
https://cdn.shopify.com/s/files/1/0997/4496/files/Persian_Cat_grande.jpg?v=1535134910
https://pics.me.me/persian-cat-32842817.png
https://live.staticflickr.com/5004/5339239070_1b086ceb87_b.jpg
https://t2.ea.ltmcdn.com/en/images/4/9/9/caring_for_a_persian_cat_994_600.jpg
https://www.petmd.com/sites/default/files/breedopedia/persian%20garfield.jpg
https://lookaside.fbsbx.com/lookaside/crawler/media/?media_id=10155766835455426
http://littleangelcats.com/wp-content/uploads/2016/10/kitten.jpg
https://d3544la1u8djza.cloudfront.net/APHI/Blog/2016/11_November/top+health+problems+for+Persian+cats+_+orange+Persian+cat+in+a+yellow+striped+shirt.jpg
https://d2v9y0dukr6mq2.cloudfront.net/video/thumbnail/nUDiO7H/beautiful-white-persian-cat-playing-and-looking-at-the-camera-4k-angora-long-fluffy-soft-hair_e_jhymdse__F0013.png
http://www.bcspca.org/wp-content/uploads/2014/10/DSC_0477.jpg
https://www.pepsell.com/assets/user_products/2018/Jan/9570_file_5a6588d059df2.jpg
https://upload.wikimedia.org/wikipedia/commons/thumb/0/0d/Stephanie_2.jpg/220px-Stephanie_2.jpg
https://www.petwave.com/-/media/Images/Center/Breed/Cats/Semi-Long-and-Long-Hair/Persian/Persian-Cat-Laying.ashx?w=450&hash=AD978AD73332DC16CE136256F4ACFDBD14FCFB23
https://cdn.shopify.com/s/files/1/1464/6028/products/maryloustore-ring-mary-lou-orange-persian-cat-with-bell-trio-ring-17804968070.jpg?v=1527266232
https://cdn.shopify.com/s/files/1/2236/6395/products/N2byLesNrides_Womens_White_ClipEarrings_KindandHappyEdgarThePersianCatInAUnicornCostumeandMajesticTailClipEarrings_1500x1500.jpg?v=1552064015
http://www.ourfriends4ever.com/wp-content/uploads/2017/01/ourfriends4ever_persian_cat_breed_header.jpg
https://www.freegreatpicture.com/files/photo106/52706-persian-cat-in-the-purple-box.jpg
https://i.ytimg.com/vi/VNouFk7XyOg/maxresdefault.jpg
http://www.piutre.com/media/catalog/product/cache/1/image/645x484/9df78eab33525d08d6e5fb8d27136e95/h/i/himalayan-persian-cat-plush-piutre-2428-a.jpg
https://www.dhresource.com/0x0s/f2-albu-g7-M00-27-F5-rBVaSluSzKCAVgP9AAGSXJXo2U4390.jpg/sitting-30cm-cute-persian-cat-toy-cushion.jpg
https://www.thesprucepets.com/thmb/gxkGAiE2YE3D02OG1QiBd7LM2eM=/450x0/filters:no_upscale():max_bytes(150000):strip_icc()/49361067_1939520546096349_4594151504044784547_n-5c4a0b76c9e77c00011213cd.jpg
https://www.cozycatfurniture.com/image/persian-cat.jpg
https://cdn.shoplightspeed.com/shops/609903/files/2580332/300x250x2/my-cat-small-white-persian-cat.jpg
https://theitchypooch.files.wordpress.com/2016/02/cat4.png?w=555&h=312&crop=1
https://pelaqitapersians.com/wp-content/uploads/diggie-.jpg
http://cfa.org/portals/0/Images/breeds/Per/profile3.jpg
https://images-na.ssl-images-amazon.com/images/I/51FxHTUj7GL._SX331_BO1,204,203,200_.jpg
http://www.shop.koolleh.com/wp-content/uploads/2016/04/2089-1-600x600.jpg
http://www.royalcanin.in/var/royalcanin/storage/images/subsidiaries/in/home/pet-care-blog/cats/grooming-lifestyle/grooming-persian-cats/37305891-3-eng-GB/grooming-persian-cats_articleV3.jpg
https://c8.alamy.com/comp/B402HB/zoology-animals-mammal-mammalian-cats-felidae-persian-cat-red-white-B402HB.jpg
https://images.boredomfiles.com/wp-content/uploads/sites/5/2016/08/beautiful-persian-1.jpg
http://www.best-cat-art.com/images/persian-kitten-CCO_mini.jpg
https://pictures-of-cats.org/wp-content/uploads/images/persian-cat-breed-standard.jpg
http://akbankborcsorgulama.com/wp-content/uploads/2019/03/depositphotos_128544208-stock-photo-persian-cats-on-white-background.jpg
https://www.nightlightdesigns.com/wp-content/uploads/2018/06/Grey-Persian-Cat-ONYX-NO-FILTER.jpg
https://www.ducksters.com/animals/persian_cat.jpg
https://images.fineartamerica.com/images/artworkimages/mediumlarge/2/white-persian-cat-close-up-digital-daniel-day.jpg
http://www.byhishands.com/images/redcatx400.jpg
https://d308toqq2zpasi.cloudfront.net/images/pet_listings/cat/d/d4/c3/id_6349883/49262d/persian-cat-for-adoption_medium.jpeg
https://www.argospetinsurance.co.uk/assets/uploads/2013/12/Persian-Cat-21-e1459342045761.jpg
https://ctl.s6img.com/society6/img/wOR5c9UsLqvnenw22Ztcu-Rsdl8/w_700/prints/~artwork/s6-original-art-uploads/society6/uploads/misc/f388534e0b4c421a9c9d9a420b2c0306/~~/persian-cat-watercolor-painting-prints.jpg?wait=0&attempt=0
https://media.gettyimages.com/photos/orange-persian-cat-licking-nose-picture-id528508050?s=612x612
https://www.certapet.com/wp-content/uploads/2018/08/flat-faced-cat-white-persian-cat-posing.jpg
https://media.istockphoto.com/photos/white-persian-cats-picture-id624488988?k=6&m=624488988&s=612x612&w=0&h=_AkMiLf29zFUik72MLubs1ch3TqO-wFBVIelQE5ZMTE=
http://littleangelcats.com/wp-content/uploads/2016/10/Snow-on-14-Sept-2014-cropped.jpg
https://www.catster.com/wp-content/uploads/2016/08/persian-1.jpg
http://elelur.com/data_images/cat-breeds/persian-cat/persian-cat-05.jpg
https://www.boston.gov/sites/default/files/penny-photos.jpg
http://www.freakingnews.com/pictures/17000/Popeye-the-Persian-cat--17461.jpg
https://cf.ltkcdn.net/cats/images/std/63575-332x225-Cozy_Kittens_Mr._Bigglesworth.jpg
https://pelaqitapersians.com/wp-content/uploads/DSC_6546x450.jpg
https://a.1stdibscdn.com/archivesE/upload/1121189/f_95629231516089752878/9562923_master.jpg?width=768
https://cattylicious-catswhiskerswebd.netdna-ssl.com/wp-content/uploads/2018/03/Persin-Cats-3.jpg
http://www.catbreedslist.com/uploads/allimg/cat-pictures/Persian-Cat-3.jpg
https://ae01.alicdn.com/kf/HTB1g0wGLXXXXXXgXFXXq6xXFXXXR/simulation-cute-white-Persian-cat-28x18x21cm-model-polyethylene-furs-cat-model-home-decoration-props-model-gift.jpg_640x640.jpg
https://ih1.redbubble.net/image.245999660.0211/ap,550x550,12x12,1,transparent,t.u1.png
https://ultimatehomelife.com/wp-content/uploads/2017/07/Best-Cat-Food-For-Persian-Cats.jpg
https://usercontent1.hubstatic.com/12171784_f520.jpg
https://figopetinsurance.com/sites/default/files/styles/blog_detail/public/imagecatstorti-persian-cat-sitting-doorwayblog.jpg?itok=41sd9IdY
https://phz8.petinsurance.com/-/media/all-phz-images/2016-images-breeds-850/persian850.jpg
https://static1.squarespace.com/static/57c648f7440243071d33dd6c/t/591c8b8020099e25f0f85066/1521045013619/Type+4+persian+cat%2C+peke
https://www.seriousfacts.com/wp-content/uploads/2017/03/Persian-cat-breed.jpg
https://www.researchgate.net/profile/Katrina_Bosward/publication/276540253/figure/fig1/AS:294576347729927@1447243882861/Persian-cat-with-her-newborn-kittens.png
https://dinoanimals.com/wp-content/uploads/2016/07/Persian_cat1.jpg
https://www.thehappycatsite.com/wp-content/uploads/2018/02/persian-cat-1.jpg
http://www.cfa.org/portals/0/Images/breeds/Per/article-sol-2e.jpg
https://persiancatcorner.com/wp-content/uploads/2018/04/Persian-cat-white-1024x678.jpg?189db0&189db0
https://catspurfection.com/wp-content/uploads/2018/02/Persian-Cat-Names.jpg
https://ctl.s6img.com/society6/img/02qNZSvou4tO4KG7ClaR7VX52so/w_700/prints/~artwork/s6-original-art-uploads/society6/uploads/misc/af14314e852c454cbe65ffb5e60ce4f0/~~/poetic-persian-cat-prints.jpg?wait=0&attempt=0
https://www.professorshouse.com/wp-content/uploads/2015/03/cat-55.jpg
https://cdn.bestfriends.org/s3fs-public/news/19/02/26/Persian-cat-adoption-Posh-Spice-8235sak.jpg?huEbZxuYv47YeQ4V41s7u8hWn9zrqiW2
http://catnipsum.com/wp-content/uploads/2013/03/Silver-Shaded-persian-cat-1-580x435.jpg
https://qph.fs.quoracdn.net/main-qimg-c2fcc613129aef371006bd7951af61cc
https://imgc.artprintimages.com/img/print/sylvia-pimental-odd-eye-white-persian-cat_u-l-q1avblu0.jpg?src=gp&w=300&h=300
https://www.petmd.com/sites/default/files/breedopedia/persian%20terra.jpg
https://cdn2-www.cattime.com/assets/uploads/gallery/persian-cats-and-kittens/persian-cats-and-kittens-7.jpg
https://cdn.pixabay.com/photo/2017/03/14/15/31/persian-2143466__340.jpg
https://dollfacepersiankittens.com/wp-content/uploads/2012/03/silverteacuppersiankitten.jpg
http://www.galloree.com/stock/artwork/large/62094/OddEyed-White-Persian-Cat.jpg
https://d2v9y0dukr6mq2.cloudfront.net/video/thumbnail/Sz59ypd_giyx50kqx/videoblocks-persian-cat-stroked-by-woman_stsgod7kz_thumbnail-full01.png
https://thecatsite.com/media/modern-persian-cat-jpg.387492/full
https://www.petful.com/wp-content/uploads/2012/08/persian2-750x564.jpg
https://i.etsystatic.com/14238387/c/900/715/0/30/il/dfa0af/1131432516/il_340x270.1131432516_fvwy.jpg
https://www.cat-breeds-encyclopedia.com/images/Persian-Cat-portrait.jpg
http://2.bp.blogspot.com/-KDqkcqNvuN4/UqYQlj_QUpI/AAAAAAAAXIo/Z8WJqDHpYDs/s1600/persian-cat.jpg
http://www.iranicaonline.org/uploads/files/cat_persian_1.jpg
https://images-na.ssl-images-amazon.com/images/I/91LccvstN0L._SL1500_.jpg
http://www.purrinlot.com/IMG_5380.jpg
https://previews.123rf.com/images/ztranger/ztranger1608/ztranger160800108/61197960-close-up-of-cute-brown-tabby-persian-cat-sitting-on-cat-tower-in-cat-cafe-.jpg
https://apollo-singapore.akamaized.net/v1/files/d1jb33pqpd2s2-IN/image;s=272x0
http://www.justcatsanddogs.com/wp-content/uploads/2014/03/Persian-Cat.jpg
https://i.ebayimg.com/images/a/(KGrHqIOKioE14OK1g,oBNsyt-GlFQ~~/s-l300.jpg
https://d2pu2bk1b66iw6.cloudfront.net/photos/2015/05/12/6-102767-persian-cat-portrait-close-up-2-1431447518.jpg
https://www.mypetneedsthat.com/wp-content/uploads/2018/10/persian-cat-lying-on-the-bed.jpg
https://i.ytimg.com/vi/HLJ4HioLOPo/maxresdefault.jpg
http://fallinpets.com/wp-content/uploads/2016/12/Cute-Persian-cats-kittens-that-will-melt-your-heart-736x445.jpg
https://c8.alamy.com/comp/X97WPT/red-persian-cat-portrait-X97WPT.jpg
https://i.pinimg.com/474x/d3/1f/79/d31f795a49d3115364901a24ccfd6ec8--crazy-cat-lady-crazy-cats.jpg
https://www.certapet.com/wp-content/uploads/2018/08/himalayan-persian-cat-hybrid-staring.jpg
https://www.warrenphotographic.co.uk/photography/bigs/15132-Ginger-and-Chinchilla-Persian-cats-white-background.jpg
https://i.rocdn.com/v2/2222231?w=1024&h=1024
https://media.istockphoto.com/vectors/persian-cat-vector-illustration-vector-id639912320?k=6&m=639912320&s=612x612&w=0&h=1j9IMBod7NK6TQO9JynVr8dE-gt4x0Fh-s746yDORos=
http://www.europetnet.org/images/catbreeds/7.jpg
https://www.thesprucepets.com/thmb/77P4o-Zq1kOVmFrnNw0asb6_UD0=/450x0/filters:no_upscale():max_bytes(150000):strip_icc()/cat-3494225_1920-5c49fe07c9e77c0001e68dc9.jpg
https://ae01.alicdn.com/kf/HTB1KRf2PXXXXXc2XXXXq6xXFXXXG/Super-Fluffy-Fat-White-Persian-Cat-Plush-Toy-Round-Stuffed-Animal-Kitty-Cushion-Simulation-Pet-Gift.jpg_640x640.jpg
http://www.shop.koolleh.com/wp-content/uploads/2016/04/8Ug64pyjG.2.jpg
http://2.bp.blogspot.com/-7LXzDaZH60w/TiCo9m21y0I/AAAAAAAAHr4/cdKUYyE4m6M/s1600/persian-cat.jpg
https://uploads-ssl.webflow.com/5b44edefca321a1e2d0c2aa6/5ca404952e5a6c66d3af8fa0_Dimensions-Guide-Animals-Cats-Persian-Dimensions.svg
https://render.fineartamerica.com/images/rendered/default/poster/10/8/break/images-medium-5/persian-cat-sticking-out-its-tongue-guy-felix.jpg
http://www.kaddyshack-cats.com/images/Tony_01.jpg
https://editorial01.shutterstock.com/wm-preview-1500/558116c/d84cdf94/marley-the-ugly-persian-cat-shutterstock-editorial-558116c.jpg
http://touchme-team.com/wp-content/uploads/2018/08/Top-3-Pet-Clippers-For-Persian-Cat.png
https://marketplace.canva.com/MAC1LPP1_bQ/1/thumbnail_large/canva-persian-cat%2C-persians%2C-cat%2C-pet%2C-pride%2C-mieze%2C-portrait-MAC1LPP1_bQ.jpg
https://upload.wikimedia.org/wikipedia/commons/3/3a/GC_RW_Topknot_James_Bond_of_Lions_%26_Owls_RW_Best_Black_Persian_2016-2017.jpg
https://assets.saatchiart.com/saatchi/87454/art/1938233/1063009-TVNVDBYN-6.jpg
https://qph.fs.quoracdn.net/main-qimg-d9b934cb5f2093e543f239eb0fd13d04.webp
https://www.colourbox.com/preview/3611243-smoky-persian-cat.jpg
https://www.worldreportnow.com/wp-content/uploads/2017/01/Sinbad-the-cat.jpg
https://www.catster.com/wp-content/uploads/2015/06/600-chinchilla-persian.jpg
https://media.gettyimages.com/photos/portrait-of-persian-cat-picture-id107072670?s=612x612
http://catnipsum.com/wp-content/uploads/2013/04/cameo-persian-cat-1.jpg
https://d3gz7cvxozcui9.cloudfront.net/wp-content/uploads/2017/02/09194637/cat-1763666.jpg
https://www.thehappycatsite.com/wp-content/uploads/2017/12/persian-cat-food1.jpg
http://fallinpets.com/wp-content/uploads/2016/12/white-persian-cat-standing-on-a-trunk.jpg
https://www.petmd.com/sites/default/files/persian-cat-96775123_0.jpg
https://s3-media4.fl.yelpcdn.com/bphoto/Z2R7x7RJW47G7WMAeMiZsg/ls.jpg
http://healthypets.royalcanin.com.au/assets/Uploads/Cat-Persian-Kitten-Food.jpg
https://icatcare.org/sites/default/files/kcfinder/images/picture_1.jpg
https://bowwowinsurance.com.au/wp-content/uploads/2018/10/persian-cat-700x700-1.jpg
https://d17fnq9dkz9hgj.cloudfront.net/breed-uploads/2018/08/himalayan-detail.jpg?bust=1535567032&width=355
https://images.reference.com/reference-production-images/question/aq/orange-persian-cat_f41737bc1218a924.jpg?width=760&height=411&fit=crop
https://petsymptoms.com/wp-content/uploads/2017/09/portrait-persian-cat-7-months-old-persian-cats-ss-1.jpg
https://ichef.bbci.co.uk/news/660/cpsprodpb/15F94/production/_85940009_patrick1.jpg
https://media.pri.org/s3fs-public/styles/story_main/public/photos/2013-September/persian_cat.jpg?itok=51Hee2Hq
https://www.cat-breeds-encyclopedia.com/images/Persian-cat-blue-and-white.jpg
https://kittentoob.com/wp-content/uploads/2014/05/teacup.jpg
http://images6.fanpop.com/image/photos/38500000/Persian-cat-iran-38517911-490-326.jpg
https://cdn.shopify.com/s/files/1/1834/9585/files/111-2-persian.jpg?v=1539362092
https://media2.giphy.com/media/10UfXZeiuxGg12/giphy.gif
https://i.rmbl.ws/s8/1/P/G/H/P/PGHPa.O-xb-small-Persian-Cats-Are-Like-Littl.jpg
https://lookaside.fbsbx.com/lookaside/crawler/media/?media_id=606050699604158
https://res.cloudinary.com/twenty20/private_images/t_watermark-criss-cross-10/v1472494014000/photosp/6786fca5-b063-451b-b67f-21904f605571/stock-photo-brown-multicolored-cat-cute-persian-cat-furry-multicolor-persian-lovable-6786fca5-b063-451b-b67f-21904f605571.jpg
https://t2.ea.ltmcdn.com/en/images/7/3/3/img_gray_persian_cats_photo_gallery_337_600.jpg
https://imgc.artprintimages.com/img/print/fabio-petroni-persian-cat_u-l-pzs5t00.jpg?src=gp&w=300&h=300
https://www.warrenphotographic.co.uk/photography/bigs/09316-Chinchilla-Persian-cat-white-background.jpg
http://www.preciousgemspersians.com/images/graphics/dsc05899.jpg
https://i.etsystatic.com/6157099/d/il/8f2eaa/1034359210/il_340x270.1034359210_3fiu.jpg?version=0
https://previews.123rf.com/images/sharkbit/sharkbit1506/sharkbit150600002/43334745-white-persian-cat-.jpg
http://animal-world.com/Cats/Natural-Breeds/images/PersianBiColor_RedWhiteWEcP_AP6C1665_med.jpg
https://i.ebayimg.com/images/g/DV4AAOSwqpha2CoS/s-l640.jpg
https://blog.ferplast.com/wp-content/uploads/2015/11/cat-Persian-Chinchilla-king-lying-sofa.jpg
http://blog.nhvnaturalpetproducts.com/wp-content/uploads/2018/02/transformation-of-persian-cat-with-eye-infection.png
https://media.marshallspetzone.com/6524-large_default/persian-kitten-for-sale.jpg
https://www.pets4homes.co.uk/images/breeds/21/large/afdfbc9836d8ee81f3a929e7eb9c6e28.jpg
http://www.stupenduspersians.com/wp-content/uploads/2013/02/EX1-018.jpg
https://static.boredpanda.com/blog/wp-content/uploads/2015/06/garfi-evil-grumpy-persian-cat-fb__700.jpg
https://i.guim.co.uk/img/static/sys-images/Guardian/About/General/2013/9/16/1379328973167/Persian-cat-008.jpg?width=300&quality=85&auto=format&fit=max&s=304b1f62026d3f3b30348bb7a3646171
http://www.purrinlot.com/media/catalog/product/cache/1/image/9df78eab33525d08d6e5fb8d27136e95/a/d/adopting-persian-kitten-ebook.jpg
https://i.ytimg.com/vi/6ZquwSpbaxg/maxresdefault.jpg
https://vignette.wikia.nocookie.net/cats/images/8/81/Persialainen.jpg/revision/latest/scale-to-width-down/300?cb=20110217221017&path-prefix=en
https://images.ctfassets.net/uto9522qu1os/photo-102769/68f55a8461d6ed1ccb8865d5714de9b4/102769-persian-cat-sitting-like-a-human-2.jpg
http://pulpbits.net/wp-content/uploads/2014/02/Persian-Cat-Price.jpg
http://cfa.org/portals/0/Images/breeds/Per/profile.jpg
https://image.dhgate.com/0x0s/f2-albu-g5-M01-87-D1-rBVaJFhnT4KAU387AAW0F5ANthE539.jpg/30cm-white-fat-persian-cat-plush-toys-kids.jpg
https://persiadigest.com/uploads/article/catscreationfeatured.jpg
https://persiancatcorner.com/wp-content/uploads/2018/09/Cute-Persian-Kitten-e1537133479384.jpg
http://www.pethealthnetwork.com/sites/default/files/kidney-disease-cats450150351.png
https://images.fineartamerica.com/images-medium-large-5/persian-cat-watercolor-mike-theuer.jpg
https://www.maxpixel.net/static/photo/1x/Persian-Golden-Kitten-Look-Animal-Persian-Cat-2201083.jpg
https://www.thesprucepets.com/thmb/_g8PDAl18YgWYmuvmHRKcNA1iqs=/450x0/filters:no_upscale():max_bytes(150000):strip_icc()/49748610_986486438204237_6777699179942274812_n-5c4b811fc9e77c0001f32142.jpg
http://worldartsme.com/images/white-persian-cat-clipart-1.jpg
http://cdn.shopify.com/s/files/1/0591/9493/products/Pandora-The-Persian-Cat-Accessory-Set-Lottie-Doll-2_grande.jpg?v=1444725258
https://i.pinimg.com/originals/fd/55/9f/fd559fb5fc3abee4d29db148204b87f6.jpg
https://www.catsofpersia.com/wp-content/uploads/2014/03/Silver-Persian-Cat-Shaded-Sire-Darius-750x420.jpg
https://cdn.omlet.co.uk/images/originals/Cat-Cat_Guide-A_sociable_and_friendly_Persian_cat.jpg
https://www.adventurecats.org/wp-content/uploads/2016/03/Floyd-adventure-cat-14-of-25-1050x700.jpg
https://cdn.pixabay.com/photo/2017/02/24/16/30/cat-2095559_960_720.jpg
https://www.tescobank.com/assets/website/img/pet-insurance/cats/persian-health-446x320px.jpg
https://www.goodnewsnetwork.org/wp-content/uploads/2018/05/Orange-and-White-Persian-Cat-Public-Domain.jpg
https://cdn.shopify.com/s/files/1/1464/6028/products/maryloustore-ring-mary-lou-grey-persian-cat-with-bell-trio-ring-17804969670.jpg?v=1527266223
https://www.europetnet.com/images/catbreeds/266.jpg
https://c8.alamy.com/comp/M83PCN/domestic-golden-persian-cat-looking-at-the-camera-positioned-above-M83PCN.jpg
http://www.kismetkittens.org/IMG_6573.JPG
https://img.buzzfeed.com/buzzfeed-static/static/campaign_images/webdr02/2013/7/15/17/22-reasons-why-youll-want-persian-cats-on-your-ap-1-2989-1373925255-0_big.jpg
https://wallpaper-gallery.net/images/persian-cat-wallpaper/persian-cat-wallpaper-13.jpg
https://www.catkingpin.com/wp-content/uploads/2017/11/Persian-Cat.gif
https://d2v9y0dukr6mq2.cloudfront.net/video/thumbnail/nUDiO7H/beautiful-white-persian-cat-playing-and-looking-at-the-camera-4k-angora-long-fluffy-soft-hair_vdlvomujl__F0000.png
https://cdn.shopify.com/s/files/1/1834/9585/files/111-3-persian.jpg?v=1539362079
https://phz8.petinsurance.com/pet-breeds/cat-breeds/~/media/All%20PHZ%20Images/Article%20images/65persiancat.ashx
https://www.coolcattreehouse.com/wp-content/uploads/2016/06/persian-cat-8.jpg
https://d17fnq9dkz9hgj.cloudfront.net/breed-uploads/2018/08/American-Curl_White.jpg?bust=1538073669&width=300
https://images-na.ssl-images-amazon.com/images/I/61I7eWo50-L.jpg
https://cmkt-image-prd.global.ssl.fastly.net/0.1.0/ps/4061355/910/1365/m1/fpnw/wm1/qgdbvssrksm50mkdfqraev3dcbrutdvrcmvu95hlg3nwibkxea3c2e55b08mhih3-.jpg?1519645492&s=bedfa9ee3f9efb342fc087ba3732f8a1
https://bowwowinsurance.com.au/wp-content/uploads/2018/10/chinchilla-cat-700x700-1.jpg
https://image.shutterstock.com/image-photo/persian-cat-portrait-on-white-260nw-507179488.jpg
https://st2.depositphotos.com/4472485/6605/i/950/depositphotos_66059451-stock-photo-cute-red-persian-cat-portrait.jpg
https://thumbs.dreamstime.com/z/scared-ginger-persian-cat-21504688.jpg
https://usercontent2.hubstatic.com/12171761_f520.jpg
https://nfg-sofun.s3.amazonaws.com/uploads/project/photo/51902/poster_board_Persians.png
https://www.relayhero.com/wp-content/uploads/2017/01/1-29.jpg
https://upload.wikimedia.org/wikipedia/commons/e/e0/Walter-persian_cat.JPG
https://assets.rbl.ms/4489478/980x.jpg
https://i0.wp.com/morningmews.com/wp-content/uploads/2018/01/persian-cat-2968428_1920.jpg?resize=960%2C640
https://ae01.alicdn.com/kf/HTB1yMjFRXXXXXXKXVXXq6xXFXXXa/Fluffy-Soft-White-Persian-Cat-With-Big-Puffy-Tail-Plush-Stuffed-Kitty-Animal-Toy-Gift-For.jpg_640x640.jpg
https://imgc.artprintimages.com/img/print/fabio-petroni-persian-cat_u-l-pzrw390.jpg?src=gp&w=300&h=300
https://www.warrenphotographic.co.uk/photography/bigs/12086-Unkempt-Persian-cat-white-background.jpg
http://persiadigest.com/uploads/article/The-Persian-cat-mascot-for-football-teams.jpg
https://shop.r10s.jp/niniquino/cabinet/04004556/imgrc0066251477.jpg
https://www.petsafe.net/media/images/learn/persian_breed_info.jpg
https://lh4.google.com/mjbmeister/R86ibP_tNTI/AAAAAAAACVk/0ZH3sjxM0Ew/s800/persian-cat-11.jpg
https://thebestcatpage.com/wp-content/uploads/2016/03/1-min-34.jpg
http://www.bcspca.org/wp-content/uploads/2014/10/DSC_0495.jpg
https://geniusvets.s3.amazonaws.com/gv-cat-breeds/Persian-5.jpg
https://i.ytimg.com/vi/s4hWRIl43Mg/hqdefault.jpg
http://healthypets.royalcanin.com.au/assets/Uploads/persian-breed-hero2.jpg
https://financesonline.com/uploads/2016/01/31.png
http://3.bp.blogspot.com/-XGuY67Abfak/T-XBkZBfvdI/AAAAAAAACrI/B3gqLaquQbY/s1600/Persian+Cat+image.jpg
http://www.petsparadise.co.in/wp-content/uploads/persiancats.jpg
https://banner2.kisspng.com/20180313/hoe/kisspng-persian-cat-siamese-cat-ragdoll-birman-himalayan-c-white-cat-5aa83ff9a9c931.4062693015209758656955.jpg
http://cats-chaos-and-confusion.com/wp-content/uploads/2016/09/Chinchilla-kitten1280.jpg
https://thecatsite.com/media/traditional-persian-cat-fac-jpg.387493/full
http://cfa.org/portals/0/Images/breeds/Per/profile4.jpg
https://twocrazycatladies.com/wp-content/uploads/2018/05/Himalayan-Cat-Eyes.jpg
https://i.guim.co.uk/img/media/a8f28a06dc0c34c5baa304850c78946520367360/876_465_5192_3653/master/5192.jpg?width=700&quality=85&auto=format&fit=max&s=d1c2c30a0c8f2fa4e97a56ba060f2873
https://www.pets4homes.co.uk/images/articles/4009/large/why-is-the-persian-such-a-popular-pedigree-cat-breed-58d4eed43d87e.jpg
https://media.gettyimages.com/photos/white-persian-cat-lying-on-back-picture-id656534602?s=612x612
https://media.giphy.com/media/RLNkCFJuJ5B7i/giphy-facebook_s.jpg
https://images.prod.meredith.com/product/0c555e2629cd7143797de6b38cf1b91d/1533378087893/l/persian-cat-salt-and-pepper-shaker
https://persiancatcorner.com/wp-content/uploads/2018/10/black-persian-cat-1.jpg
https://previews.123rf.com/images/ztranger/ztranger1608/ztranger160800039/61199331-close-up-of-cute-brown-tabby-persian-cat-sitting-on-cat-tower-in-cat-cafe-.jpg
http://www.toytricksy.com/grand/amari1_1.jpg
https://www.petmd.com/sites/default/files/breedopedia/Its%20Magic.jpg
http://cats.ava7.com/w/persian-cat/red-persian-cross-male-kitten-playing-under-fringed-cover.jpg
https://i.pinimg.com/originals/6c/14/23/6c1423ccac007994aba806861c45ce7d.jpg
https://cf.ltkcdn.net/cats/images/std/142730-425x283-Pretty-orange-Persian.jpg
https://img-aws.ehowcdn.com/600x600p/photos.demandstudios.com/22/175/fotolia_17009_XS.jpg
https://t1.ea.ltmcdn.com/en/images/7/3/3/img_gray_persian_cats_photo_gallery_337_paso_5_600.jpg
https://cdn2-www.cattime.com/assets/uploads/gallery/persian-cats-and-kittens/persian-cats-and-kittens-5.jpg
https://imgc.allpostersimages.com/img/print/posters/andrey-zvoznikov-persian-cat-santa-look-in-basket-in-christmas-hat-and-tie_a-G-12462428-14258388.jpg?w=894&h=671
https://cdn.drfoxmag.com/wp-content/uploads/2018/05/02114803/1.-The-basics-of-caring-for-your-Persian-cat.jpg
https://i.ebayimg.com/images/g/1nAAAOSw-ABbet0M/s-l300.jpg
https://res.cloudinary.com/twenty20/private_images/t_watermark-criss-cross-10/v1505320588000/photosp/ad9b8409-8e98-4436-bed2-c41c040c5b4e/stock-photo-winter-snow-white-background-paw-print-white-blizzard-outside-fluffy-cats-ad9b8409-8e98-4436-bed2-c41c040c5b4e.jpg
https://i.kym-cdn.com/entries/icons/original/000/019/749/catroomguardian.JPG
https://www.purrinlot.com/media/wysiwyg/white-persian-cat.jpg
https://shadowcasts.com/images/persiancleaned.jpg
http://meowlifestyle.com/wp-content/uploads/2015/05/chat-jenna.jpg
https://www.catnipcamera.com/wp-content/uploads/2012/03/P1310491-L.jpg
http://www.atchoumthecat.com/uploads/2/5/2/9/25290794/__1423362720.png?250
https://c8.alamy.com/comp/B7PJXR/persian-cats-5-month-blue-tortie-smoke-B7PJXR.jpg
https://upload.wikimedia.org/wikipedia/commons/thumb/c/c1/Doll_face_silver_Persian.jpg/220px-Doll_face_silver_Persian.jpg
https://d2v9y0dukr6mq2.cloudfront.net/video/thumbnail/Yu5bJ4M/motion-of-persian-cat-eating-food-with-4k-resolution_bqo8egseg_thumbnail-full01.png
https://www.bestcatproducts.co.uk/wp-content/uploads/2018/03/persiancat.jpg
https://www.thisplaceisazoo.com/wp-content/uploads/2017/06/GHC384W-Realistic-Persian-Cat.jpg
https://dumielauxepices.net/sites/default/files/persian-cat-clipart-fancy-cat-711851-5514952.jpg
https://www.cat-breeds-encyclopedia.com/images/Persian-kitten.jpg
https://vetstreet-brightspot.s3.amazonaws.com/1f/74/b6debfb74eed9c229d12a45aeb49/Persian-AP-0KBBCK-645sm3614.jpg
https://www.catsofpersia.com/wp-content/uploads/2014/04/IMG_1759.jpg
https://www.yourcat.co.uk/images/legacy/catimages/Breed_Persian/persianhealth.jpg
http://images6.fanpop.com/image/photos/34500000/persian-persian-cats-34588960-488-730.jpg
https://www.hillspet.com/content/dam/cp-sites/hills/hills-pet/en_us/img/breeds/gray-white-persian-cat-during-examination.jpg
http://purebredcatrescue.org/wp-content/uploads/2017/03/IMG_2297-e1488931851464-981x1024.jpg?_t=1488931857
http://www.felinexpress.com/images/breed_pic_persian.jpg
https://www.thesprucepets.com/thmb/UVusNcBNVJdumJlbJBIGz05mPhM=/450x0/filters:no_upscale():max_bytes(150000):strip_icc()/cat-623505_1920-5c49fe37c9e77c0001608ef1.jpg
https://cdn.pixabay.com/photo/2016/10/06/23/35/persian-cats-1720336_960_720.jpg
https://www.enchantedlearning.com/pgifs/Persiancat_bw.GIF
https://marketplace.canva.com/MADDJAzERQs/1/thumbnail_large/canva-beautiful-gray-persian-cat-MADDJAzERQs.jpg
https://farm1.staticflickr.com/99/311603314_5f34697789_b.jpg
https://images-na.ssl-images-amazon.com/images/I/91Z1AMGY3CL._SY450_.jpg
https://www.popsci.com/sites/popsci.com/files/styles/opengraph_1_91x1/public/import/2013/images/2013/09/persiancat.jpg?itok=gUg3TQ8v
https://www.certapet.com/wp-content/uploads/2018/08/fluffy-cat-breeds-persian-kittens-under-cat-tree.jpg
http://www.persiansarenotarabs.com/wp-content/uploads/2017/09/27.jpg
https://images2.storyjumper.com/transcoder.png?id=3a-enbezazlaz-52pzfjtzl&width=523&height=380
https://image.shutterstock.com/image-photo/persian-cat-sitting-front-white-260nw-91229663.jpg
https://i.etsystatic.com/15535787/d/il/e935fe/1711335199/il_340x270.1711335199_pjc8.jpg?version=0
https://www.vet.cornell.edu/sites/default/files/persianfhcwebsite.jpg
https://thebestcatpage.com/wp-content/uploads/2016/02/z-min.jpg
https://www.petsafe.net/media/images/learn/ichigo-front.jpg
https://bobandsuewilliams.com/images/persian-cat-7.jpg
http://1.bp.blogspot.com/-dNpete-lq-g/UYGT6FTLXCI/AAAAAAAAALo/OmKZ97WnlBU/s640/3f2d9043b2d3e751334f136b477fbe9b.jpg
https://thumbs.dreamstime.com/z/persian-cat-8-months-old-sitting-16822087.jpg
http://3.bp.blogspot.com/-4CitidCZZpI/Uk05AIAFgbI/AAAAAAAACNU/b59Vr-CWpP0/s1600/Persian+Cats.jpg
http://earthporm.com/wp-content/uploads/2014/10/garfi-evil-grumpy-persian-cat-28__700.jpg
https://live.staticflickr.com/5015/5416415574_af63cc8802_b.jpg
https://target.scene7.com/is/image/Target/GUEST_ca0b298b-eb2a-4a2a-bb17-42cd548b2791?wid=488&hei=488&fmt=pjpeg
https://previews.123rf.com/images/foryou13/foryou131706/foryou13170600408/81149347-close-up-animal-persian-cat-sleeping-in-bed-and-light-blur-background-selective-focus.jpg
http://best-funnycatsanddogs.com/uploads/posts/2015-11/1_persian_cat.jpg
https://www.telegraph.co.uk/content/dam/news/2017/02/18/cats5_trans_NvBQzQNjv4BqRo0U4xU-30oDveS4pXV-VuyvIW1ftwrJfbuf-MzLyHo.jpg?imwidth=480
https://imgc.artprintimages.com/img/print/ant-art19-illustrated-portrait-of-persian-cat_u-l-py2wj80.jpg?src=gp&w=300&h=300
https://assets3.thrillist.com/v1/image/2556344/size/tmg-article_tall;jpeg_quality=20.jpg
https://upload.wikimedia.org/wikipedia/commons/1/1b/Persian_Cat_%28kitten%29.jpg
https://i.ebayimg.com/00/s/MTAyNFg3Njg=/z/lo4AAOSwvGlacKtB/$_86.JPG
https://www.warrenphotographic.co.uk/photography/bigs/32772-Golden-Chinchilla-Persian-cat-and-rabbit-white-background.jpg
https://media.istockphoto.com/vectors/cat-breeds-set-on-white-background-vector-id906813740?k=6&m=906813740&s=612x612&w=0&h=I_9AbKqODiLZKQoM2T66_T7rw9KGvlZwHZUZDUwuI-U=
https://persiancatcorner.com/wp-content/uploads/2017/06/persian-cat-eyes-1024x678.jpg?189db0&189db0
https://cdn3.volusion.com/9nxdj.fchy5/v/vspfiles/photos/AR-26168-3.jpg?1361861842
https://media.gettyimages.com/photos/persian-cat-picture-id501838703?s=612x612
https://jooinn.com/images/gray-persian-cat-8.jpg
https://pixfeeds.com/images/cats/1280-503814982-persian-cat.jpg
https://www.pets4homes.co.uk/images/breeds/21/large/a8af3aed7c5a249d540145ad1a61a508.jpg
https://ctl.s6img.com/society6/img/OmA8IK0G18l12f7YW5G-WarJAkY/w_700/prints/~artwork/s6-0020/a/7810576_8332388/~~/persian-cat-emperor-prints.jpg
http://www.bcspca.org/wp-content/uploads/2017/05/Persian-3-web-200x300.jpg
https://lookaside.fbsbx.com/lookaside/crawler/media/?media_id=1412965078731926
http://www.sepicat.com/wp-content/uploads/2017/06/shutterstock_172928825.png
https://img.clasf.in/2017/08/18/Persian-cat-kitten-fawn-and-golden-color-Male-20170818182849.jpg
https://www.petmd.com/sites/default/files/breedopedia/pics%20053.JPG
https://www.readersdigest.ca/wp-content/uploads/sites/14/2013/01/persian-cat-breed.jpg
https://cdn.drfoxmag.com/wp-content/uploads/2017/11/23305548830_9e34a1cf2b_z.jpg
http://www.kaddyshack-cats.com/lacy_kittens.jpg
https://www.myfamily.it/content/images/thumbs/0026787_red-persian-cat-id-tag.jpeg
https://i.ytimg.com/vi/aP4u4BdkJEA/maxresdefault.jpg
http://www.sheppardsoftware.com/content/animals/images/mammals/persian_screech.jpg
https://blog.ferplast.com/wp-content/uploads/2015/11/cat-Persian-Chinchilla-double-brush-grooming-fur-coat-Ferplast.jpg
https://whyevolutionistrue.files.wordpress.com/2014/12/animals-and-first-snow-persian-cat-2.jpg
http://cdn3.sortra.com/wp-content/uploads/2017/01/mirlilevy_cats007.jpg
https://phz8.petinsurance.com/pet-breeds/cat-breeds/~/media/All%20PHZ%20Images/Article%20images/65persiancatpawup.ashx
https://banner2.kisspng.com/20180331/lye/kisspng-persian-cat-maine-coon-norwegian-forest-cat-munchk-persian-5abfd6a6508477.7247611415225217663298.jpg
https://d2pu2bk1b66iw6.cloudfront.net/photos/2015/05/12/6-102764-persian-cat-2-1431447518.jpg
https://c8.alamy.com/comp/M44YF6/old-persian-cat-lying-on-an-armchair-looking-disturbed-netherlands-M44YF6.jpg
https://cdn.shopify.com/s/files/1/2236/6395/products/N2byLesNrides_Womens_White_Earrings_KindandHappyEdgarThePersianCatInAUnicornCostumeandStrassEarrings_1e0a16d3-97a4-46b2-beaa-fec554ab4ad8_1500x1500.jpg?v=1553709701
https://financesonline.com/uploads/2016/01/16.jpg
https://images-wixmp-ed30a86b8c4ca887773594c2.wixmp.com/f/14ee1bd2-e218-41b1-b758-c8394ea7436b/d6gqnyz-63879a47-757b-4aac-9bc6-313dd4a5e0c1.jpg/v1/fill/w_774,h_1032,q_70,strp/persian_cat_room_guardian_by_anyaboz_d6gqnyz-pre.jpg?token=eyJ0eXAiOiJKV1QiLCJhbGciOiJIUzI1NiJ9.eyJzdWIiOiJ1cm46YXBwOjdlMGQxODg5ODIyNjQzNzNhNWYwZDQxNWVhMGQyNmUwIiwiaXNzIjoidXJuOmFwcDo3ZTBkMTg4OTgyMjY0MzczYTVmMGQ0MTVlYTBkMjZlMCIsIm9iaiI6W1t7ImhlaWdodCI6Ijw9MTIwMCIsInBhdGgiOiJcL2ZcLzE0ZWUxYmQyLWUyMTgtNDFiMS1iNzU4LWM4Mzk0ZWE3NDM2YlwvZDZncW55ei02Mzg3OWE0Ny03NTdiLTRhYWMtOWJjNi0zMTNkZDRhNWUwYzEuanBnIiwid2lkdGgiOiI8PTkwMCJ9XV0sImF1ZCI6WyJ1cm46c2VydmljZTppbWFnZS5vcGVyYXRpb25zIl19.euZvGuuDhYNFMELFwMNo_I0sdyjJAe0q8xoG0d3OHDo
https://image.shutterstock.com/image-vector/isolated-persian-cat-on-white-260nw-700218505.jpg
https://apollo-singapore.akamaized.net/v1/files/vqdrccsu8ash3-IN/image;s=272x0
https://media.giphy.com/media/YHSHIqzDXy6Pe/giphy.gif
https://cdn.shopify.com/s/files/1/0207/8554/products/hot_sox_womens_persian_cats_blush_crew_socks_large.jpg?v=1546622013
https://assets.rbl.ms/13576659/980x.png
https://cdn2-www.cattime.com/assets/uploads/gallery/persian-cats-and-kittens/persian-cats-and-kittens-6.jpg
https://images-na.ssl-images-amazon.com/images/I/41C5FggJAVL._SX331_BO1,204,203,200_.jpg
https://www.cathealth.com/images/himalayan_cat_cat_health.jpg
https://static.boredpanda.com/blog/wp-content/uploads/2017/01/majestic-fluffy-persian-cat-cezar-17-586ba26fe608b__605.jpg
https://www.cat-breeds-encyclopedia.com/images/Persian-calico.jpg
https://www.thehappycatsite.com/wp-content/uploads/2018/02/persian-cat-2.jpg
https://marketplace.canva.com/MADDJAvuxUQ/1/thumbnail_large/canva-beautiful-gray-persian-cat-MADDJAvuxUQ.jpg
http://www.purrinlot.com/annagrand.jpg
https://t1.ea.ltmcdn.com/en/images/6/9/2/what_is_the_persian_cat_s_temperament_like_296_1_600.jpg
https://media1.tenor.com/images/e8ab745fe8f52a943d6733b70a1ee97f/tenor.gif?itemid=11901440
https://s3-media1.fl.yelpcdn.com/bphoto/zaoOXE8XiMmh1kBXQv_M_A/348s.jpg
http://fallinpets.com/wp-content/uploads/2016/12/cute-persian-kitten-with-cool-vest.jpg
https://www.europetnet.com/images/catbreeds/346.jpg
http://images.newindianexpress.com/uploads/user/imagelibrary/2018/3/5/w600X300/animal-sitting-animals-inside.jpg
https://static7.depositphotos.com/1004199/703/i/950/depositphotos_7035193-stock-photo-scared-ginger-persian-cat.jpg
https://vetstreet.brightspotcdn.com/dims4/default/12ffc03/2147483647/thumbnail/645x380/quality/90/?url=https%3A%2F%2Fvetstreet-brightspot.s3.amazonaws.com%2F9b%2F6a%2F819b6c4f4e429db8657c84c940e9%2FPersian-AP-2C9CFB-645sm3614.jpg
https://upload.wikimedia.org/wikipedia/commons/8/8f/%27Doll_Faced_Persian_Cat_Matahari%27_and_her_family_of_kittens%27.JPG
https://img.buzzfeed.com/buzzfeed-static/static/enhanced/webdr06/2013/7/12/12/enhanced-buzz-6225-1373647541-37.jpg?downsize=700:*&output-format=auto&output-quality=auto
https://petco.scene7.com/is/image/PETCO/2215208-center-1?$ProductDetail-large$
https://media.giphy.com/media/AegVFhTFhmXiU/giphy.gif
https://www.petaindia.com/wp-content/uploads/2018/08/Simba-Persian-Cat1.jpg
https://www.pets4homes.co.uk/images/articles/3710/large/skin-problems-common-to-the-persian-cat-breed-57e52ae1be68d.jpg
https://imgc.artprintimages.com/img/print/w-luker-blue-cream-persian-cats_u-l-psberd0.jpg?src=gp&w=300&h=300
https://cdn.dribbble.com/users/1220544/screenshots/5621121/persian-cat-king.png
http://apps.ocfl.net/forums/uploads/20111221_001947_3.jpg
https://media3.giphy.com/media/Pf9owGQ07sBR6/giphy.gif
https://i.etsystatic.com/19222302/d/il/060271/1783033171/il_340x270.1783033171_qs81.jpg?version=0
https://www.warrenphotographic.co.uk/photography/bigs/05543-White-Persian-cat-on-pink.jpg
https://i.ytimg.com/vi/5orgasBGFRg/maxresdefault.jpg
https://lookaside.fbsbx.com/lookaside/crawler/media/?media_id=149506231824818
https://www.researchgate.net/profile/Jonathan_Foster8/publication/305397233/figure/fig3/AS:570101915422720@1512934296786/Aortic-mineralization-in-an-11-year-old-spayed-female-Persian-cat-with-IRIS-CKD-stage-5.png
https://4.imimg.com/data4/WP/TQ/MY-8176130/meo-persian-cat-food-500x500.jpg
http://www.bcspca.org/wp-content/uploads/2017/05/Persian-2-web-300x200.jpg
https://content3.jdmagicbox.com/comp/kollam/v2/9999px474.x474.171203073750.x3v2/catalogue/royal-persian-cat-farm-karunagappally-kollam-pet-shops-bvwot.jpg
https://www.nationalpetregister.org/photo-missing/89060.jpg
https://s3.amazonaws.com/petfinder-us-east-1-petimages-prod/organization-photos/27978/27978-1.jpg?bust=2017-06-27+00%3A38%3A20
https://www.thesprucepets.com/thmb/mv_aSmZa2y6bWVI-QZe6y0QhaKc=/450x0/filters:no_upscale():max_bytes(150000):strip_icc()/4982501754_81ef9f69da_b-5c49ff3346e0fb0001245dff.jpg
https://i.pinimg.com/originals/1b/74/fb/1b74fb6794bc3b393d80bdf776c540c1.jpg
https://images.fineartamerica.com/images-medium-large-5/wet-persian-cat-angel-tarantella.jpg
https://www.catster.com/wp-content/uploads/2015/06/persian-kittens-09.jpg
https://www.cheatsheet.com/wp-content/uploads/2017/10/persian-cat-breed.jpg
https://previews.123rf.com/images/ztranger/ztranger1608/ztranger160800094/61198087-close-up-of-cute-brown-tabby-persian-cat-sitting-on-cat-tower-in-cat-cafe-.jpg
https://www.ducksters.com/animals/persian_cat_vert.jpg
http://www.royalcanin.ph/var/royalcanin/storage/images/subsidiaries/ph/home/pet-care-blog/cats/health-nutrition/a-healthy-diet-for-your-persian-cat/43857856-1-eng-GB/a-healthy-diet-for-your-persian-cat_articleV3.png
https://www.askideas.com/media/17/Two-Cute-White-Persian-Kittens.jpg
https://media.gettyimages.com/photos/surprised-cat-picture-id561460035
https://i3.cpcache.com/product/1682565195/BW_Persian_Cat_Portrait_Throw_Blanket_300x300.jpg?height=300&width=300&qv=90&side=front&Filters=[{%22name%22:%22background%22,%22value%22:%22ddddde%22,%22sequence%22:2}]
https://static.wixstatic.com/media/835eee_12e4366114e740478bd4a777c3079674~mv2_d_2996_3994_s_4_2.gif
https://media1.tenor.com/images/213d8e087c04e1c0d256245d1e1e5197/tenor.gif?itemid=8822710
https://res.cloudinary.com/teepublic/image/private/s--8RUNczVQ--/t_Preview/b_rgb:42332c,c_limit,f_jpg,h_630,q_90,w_630/v1510200711/production/designs/2038356_1.jpg
http://earthporm.com/wp-content/uploads/2014/10/garfi-evil-grumpy-persian-cat-3__700.jpg
https://img-aws.ehowcdn.com/600x600p/photos.demandstudios.com/227/88/fotolia_2547698_XS.jpg
https://apollo-singapore.akamaized.net/v1/files/0ap4w0sch9n91-IN/image;s=272x0
https://cdn1-www.cattime.com/assets/uploads/gallery/persian-cats-and-kittens/persian-cats-and-kittens-2.jpg
http://www.whitepersiancatclub.co.uk//images/Images/WPCC-483x317.png
https://upload.wikimedia.org/wikipedia/commons/thumb/2/25/Chocolate_Persian.jpg/220px-Chocolate_Persian.jpg
https://www.hillspet.com/content/dam/cp-sites/hills/hills-pet/en_us/exported/cat-care/healthcare/images/persian-cat-playing-with-cat-tower-toy.jpg
https://persiancatcorner.com/wp-content/uploads/2018/04/unnamed-file-1024x739.jpg?189db0&189db0
https://www.cat-breeds-encyclopedia.com/images/Persian-on-table.jpg
https://www.purrinlot.com/media/wysiwyg/apollo-red-tabby.jpg
https://cdn.bestfriends.org/s3fs-public/Persian-cat-adoption-Posh-Spice-8129sak.jpg?a6aePOJrocaqTR.y0_V6fupdYqtFnOyl
https://greatgiftsforcatlovers.com/wp-content/uploads/2018/02/Persian-Cat-Mug.jpg
http://www.columbia.edu/itc/cerc/danoff-burg/invasion_bio/inv_spp_summ/Persian.jpg
https://media.istockphoto.com/vectors/hand-drawn-persian-cat-barber-style-vector-illustration-vector-id493786118?k=6&m=493786118&s=612x612&w=0&h=Tg-elWXZgJSBPdG_GuVjsFj1B_6rAPOLkEPuTT1G3o8=
https://pelaqitapersians.com/wp-content/uploads/color-chart-calculator.jpg
https://c8.alamy.com/comp/PG52DP/beautiful-white-odd-eyed-persian-cat-at-veterinary-PG52DP.jpg
https://media.giphy.com/media/eDQjYjLbDGkE/giphy.gif
https://static1.squarespace.com/static/59d4c8d9e45a7cb9302584f4/59d4caf964b05fbc36e12e7e/59d673abf9a61e6da3e15a8a/1507226545097/ETSY+Grumpy+cat+artwork.jpg?format=500w
https://s3-media4.fl.yelpcdn.com/bphoto/8OgIalLuEj4xvOoQv0NRCw/348s.jpg
http://www.cfa.org/portals/0/Images/breeds/Per/article-sol-1l.jpg
https://www.europetnet.com/images/catbreeds/50.jpg
https://previews.123rf.com/images/artse7en/artse7en1609/artse7en160900008/65959308-a-white-persian-cat-on-blue-sofa-.jpg
https://t2.ea.ltmcdn.com/en/images/7/3/3/img_gray_persian_cats_photo_gallery_337_paso_2_600.jpg
https://static1.thethingsimages.com/wordpress/wp-content/uploads/2017/03/persian-cat-room-meme-feature.jpg
https://i.dailymail.co.uk/i/newpix/2018/03/13/09/4A2454B200000578-0-image-a-38_1520933637074.jpg
http://www.golfian.com/wp-content/uploads/2016/06/White-Persian-Cat-With-Lion-Haircut.jpg
https://media.gettyimages.com/photos/persian-cat-picture-id121916745?s=612x612
https://marketplace.canva.com/MACMjfugDw8/1/thumbnail_large/canva-gray-persian-cat-MACMjfugDw8.jpg
https://apollo-singapore.akamaized.net/v1/files/kc3tn4osoid41-IN/image;s=850x0
http://earthporm.com/wp-content/uploads/2014/10/garfi-evil-grumpy-persian-cat-8__700.jpg
https://lookaside.fbsbx.com/lookaside/crawler/media/?media_id=1828136797214750
https://i.pinimg.com/236x/33/0f/88/330f8804328ea87b40e074007819ea5d--exotic-cats-persian-cats.jpg
https://i.etsystatic.com/15535787/d/il/51a724/1711464857/il_340x270.1711464857_a00z.jpg?version=0
https://www.pets4homes.co.uk/images/breeds/21/large/566981d8b7427f6ff36c95a6c77aa734.jpg
https://banner2.kisspng.com/20180413/tve/kisspng-kitten-sphynx-cat-persian-cat-british-shorthair-bu-kitten-5ad1441372ea59.4198143015236638914707.jpg
https://img-aws.ehowcdn.com/600x600p/photos.demandstudios.com/getty/article/223/59/dv1910022.jpg
https://cdn.bestfriends.org/s3fs-public/Persian-cat-adoption-Posh-Spice-courtesy-of-Janet-Deisley2.jpg?XDCnB9XOaeqcMJJnpoLHUvbBTQvoUIHf
https://www.purrinlot.com/media/wysiwyg/ana-blue-eye-persian.jpg
https://2.bp.blogspot.com/-mG3T4yB8rtw/V3Eha4tsCOI/AAAAAAAAADo/Yp0fW41Bcuca9DLZynlgT21_uQlgvOAXACLcB/s1600/IMG-20140723-WA00212.jpg
https://img.memecdn.com/rip-persian-cat-you-will-be-missed_o_6789805.jpg
http://www.sheppardsoftware.com/design/images/animals_subhead_persians.jpg
https://media1.giphy.com/media/cxk3z6nMhpf7a/giphy.gif
https://upload.wikimedia.org/wikipedia/commons/thumb/f/fe/Blue_Persian_%22Gentian%22.jpg/220px-Blue_Persian_%22Gentian%22.jpg
https://upload.wikimedia.org/wikipedia/commons/c/cc/Persian-Cat-Kali-7-years-old.JPG
https://media.istockphoto.com/vectors/adorable-lying-persian-cat-isolated-on-white-background-vector-id855452080?k=6&m=855452080&s=612x612&w=0&h=JVjwujalQRL9zo7XqoYoeAy2vPraRYfLXCkJxCcAM3Q=
http://www.preventivevet.com/hs-fs/hub/347034/file-2033960575-jpg/images/brachycephalic-persian-cat.jpg
https://c8.alamy.com/comp/HWKEKA/ginger-groomed-persian-cat-cut-hair-grumpy-cat-HWKEKA.jpg
https://www.warrenphotographic.co.uk/photography/bigs/04446-Blue-bicolour-male-Persian-cat-white-background.jpg
https://cdn1-www.cattime.com/assets/uploads/gallery/persian-cats-and-kittens/persian-cats-and-kittens-3.jpg
https://www.certapet.com/wp-content/uploads/2018/08/beautiful-fluffy-himalayan-cat-with-blue-eyes.jpg
https://i.ytimg.com/vi/26w5sU3tnRI/maxresdefault.jpg
https://www.thesprucepets.com/thmb/ijuzpFGXM1scniyrR-2vvfW1NPQ=/450x0/filters:no_upscale():max_bytes(150000):strip_icc()/3423852251_d4a86b9d3a_b-5c49fef44cedfd000173a957.jpg
https://i1.wp.com/laughingsquid.com/wp-content/uploads/2014/01/Colonel-Meow.jpg?resize=640%2C360&ssl=1
https://img.buzzfeed.com/buzzfeed-static/static/enhanced/webdr05/2013/7/11/19/enhanced-buzz-10896-1373584327-20.jpg?downsize=700:*&output-format=auto&output-quality=auto
https://previews.123rf.com/images/ewastudio/ewastudio1303/ewastudio130300191/18591320-exotic-shorthair-cat-persian-cat-on-grey-background.jpg
https://t2.ea.ltmcdn.com/en/images/7/3/3/img_gray_persian_cats_photo_gallery_337_paso_4_600.jpg
https://static.boredpanda.com/blog/wp-content/uploads/2017/01/majestic-fluffy-persian-cat-cezar-13-586ba26408d4d__605.jpg
https://persiancatcorner.com/wp-content/uploads/2017/04/Persian-cat-Silver-1024x683.jpg?189db0&189db0
https://www.catsofpersia.com/wp-content/uploads/2014/04/free-persian-kitten-buyers-guide-1.png
https://icatcare.org/sites/default/files/kcfinder/images/picture3.jpg
http://cfa.org/portals/0/Images/breeds/Per/profile1.jpg
https://www.zamroo.com/images/product-images/pets/pets-for-adoption/medium/20170508215635-74004.jpg
https://cdn2.sylvanianfamilies.com/includes_gl/img/products/1648_1513297177333.jpg
https://www.pets4homes.co.uk/images/articles/3234/large/persian-cats-and-polycystic-kidney-disease-560917ba404a4.jpg
https://www.catster.com/wp-content/uploads/2017/11/Shaded-cats-can-be-chinchilla-shaded-and-smoke.jpg
https://i.ebayimg.com/images/g/UOkAAOSwNqRcMTlb/s-l300.jpg
https://www.vetstream.com/getmedia/672237b6-eb3a-484a-9049-10db66cfe499/18_104468
https://cdn.shopify.com/s/files/1/1464/6028/products/maryloustore-ring-mary-lou-grey-persian-cat-trio-rings-21279747212.jpg?v=1527266221
https://stoysnetcdn.com/intp/intpcc1586/intpcc1586_1.jpg
https://lookaside.fbsbx.com/lookaside/crawler/media/?media_id=186996531663011
https://media2.giphy.com/media/8cpoPlSWpwO7S/giphy.gif
http://earthporm.com/wp-content/uploads/2014/10/garfi-evil-grumpy-persian-cat-4__700.jpg
https://i.pinimg.com/736x/4e/86/41/4e86416dd66a6a3f8aa04feb53791b40.jpg
https://apollo-singapore.akamaized.net/v1/files/swmfrycz8v6n3-IN/image;s=272x0
https://media.istockphoto.com/vectors/cats-collection-vector-id618431498?k=6&m=618431498&s=612x612&w=0&h=n3sBaoD7cIRTc0ITgFIFEhFxD5Ff7EcmaYt6qnpdtCE=
http://www.purrinlot.com/media/wysiwyg/image1.gif
https://c8.alamy.com/comp/K5A890/halloween-persian-cat-K5A890.jpg
https://www.certapet.com/wp-content/uploads/2018/08/doll-face-persian-cat-mom-with-persian-kittens-for-sale-.jpg
https://www.askideas.com/media/17/Black-Persian-Cat-Face-Wallpaper.jpg
https://i.etsystatic.com/6978594/d/il/b22928/1840759955/il_340x270.1840759955_b7ln.jpg?version=0
https://media1.tenor.com/images/2b571152a41d918243c7e1c6f0f9ed49/tenor.gif?itemid=8822748
https://www.thesprucepets.com/thmb/-i-DFEiizrYKYZ3u8FRTmeuSgp8=/450x0/filters:no_upscale():max_bytes(150000):strip_icc()/exotic-flat-face-persian-short-hair_t20_b8zdjB-5c45254e46e0fb00015ca255.jpg
https://persiancatcorner.com/wp-content/uploads/2018/09/Persian-cat-laying.jpg
https://i.ytimg.com/vi/vFEr9uN4duU/maxresdefault.jpg
https://static.boredpanda.com/blog/wp-content/uploads/2016/08/adopted-cat-fur-persian-halloalice-fb-new__700-png.jpg
https://www.petmd.com/sites/default/files/breedopedia/mellow.jpg
https://www.cat-breeds-encyclopedia.com/images/Persian-cat-vert.jpg
https://cdn.shopify.com/s/files/1/1464/6028/products/maryloustore-ring-mary-lou-persian-cat-4-piece-rings-21878199692_1024x1024.jpg?v=1527266197
https://upload.wikimedia.org/wikipedia/commons/0/07/Old_Persian_cat_MUCA_2004.jpg
https://apollo-singapore.akamaized.net/v1/files/oiucfocvl4p32-IN/image;s=272x0
https://imgc.artprintimages.com/img/print/isy-ochoa-persian-cat-in-ireland-chat-persan-en-irland_u-l-obujg0.jpg?src=gp&w=300&h=300
https://media1.giphy.com/media/xTiTnCcahEh6rRm5zO/giphy.gif
https://c8.alamy.com/comp/B7PKYA/persian-cat-tomcat-blue-smoke-B7PKYA.jpg
https://media.istockphoto.com/vectors/adorable-lying-persian-cat-isolated-on-white-background-vector-id670094868?k=6&m=670094868&s=612x612&w=0&h=JdRsY50Dlhh7nKulRitsp2Y3L6dvTcQTBbPxBz1WWzo=
https://lookaside.fbsbx.com/lookaside/crawler/media/?media_id=1491007544465656
http://earthporm.com/wp-content/uploads/2014/10/garfi-evil-grumpy-persian-cat-1__700.jpg
https://i.pinimg.com/originals/8d/15/32/8d1532bcab1c9f9164f8e64d4d0d82b0.jpg
https://geniusvets.s3.amazonaws.com/gv-cat-breeds/Persian-2.jpg
https://img.clasf.in/2015/07/13/Hurry-up-persian-cat-at-low-rate-20150713025404.jpg
https://i.ytimg.com/vi/rAW-HxpCRGs/hqdefault.jpg
https://previews.123rf.com/images/franckito/franckito1409/franckito140900082/32010404-beautiful-persian-cat-with-white-fur-and-gree-blue-eyes.jpg
https://www.pets4homes.co.uk/images/articles/4251/large/hints-on-showing-persian-cats-5967a6dbad113.jpg
https://t2.ea.ltmcdn.com/en/images/4/0/8/img_bathing_a_persian_cat_step_by_step_guide_804_paso_3_600.jpg
http://www.purrinlot.com/picts/calico-persian-cat.jpg
https://media.giphy.com/media/9N8JfbmAxUDn2/giphy.gif
https://s3.amazonaws.com/images.seroundtable.com/john-mueller-speaking-google-1539773467.jpg
https://imgc.artprintimages.com/img/print/adriano-bacchella-black-white-and-cream-mackerel-tabby-persian-cat-resting-in-armchair_u-l-q10o5co0.jpg?src=gp&w=300&h=300
https://www.warrenphotographic.co.uk/photography/bigs/15549-Chinchilla-Persian-cat.jpg
https://marketplace.canva.com/MAA8uwjVWMg/1/thumbnail_large/canva-persian-cat-MAA8uwjVWMg.jpg
https://smilingpaws.files.wordpress.com/2013/12/corgi-sweet-dog-with-short-legs1.jpg
https://c8.alamy.com/comp/PJ21X4/red-traditional-angry-looking-persian-cat-looking-through-window-at-rainy-day-PJ21X4.jpg
https://lookaside.fbsbx.com/lookaside/crawler/media/?media_id=196090990580256
https://cdn.shopify.com/s/files/1/1464/6028/products/maryloustore-earrings-mary-lou-persian-cat-earrings-17805012230_1024x1024.jpg?v=1527266240
https://www.cat-breeds-encyclopedia.com/images/persian-cat-descriptive-words.jpg
http://cfa.org/portals/0/Images/breeds/Per/article-bi-3b.jpg
https://i.ytimg.com/vi/M0SkjeAgIhE/maxresdefault.jpg
https://apollo-singapore.akamaized.net/v1/files/gg3awox8wmz52-IN/image;s=272x0
http://earthporm.com/wp-content/uploads/2014/10/garfi-evil-grumpy-persian-cat-30__700.jpg
https://static.boredpanda.com/blog/wp-content/uploads/2014/10/garfi-evil-grumpy-persian-cat-21__700.jpg
https://upload.wikimedia.org/wikipedia/commons/0/07/%27Doll-Faced_Persian_Cat_with_her_litter_of_6_kittens%27%28Tuesday_31-3-2009%29.JPG
https://i.pinimg.com/736x/61/23/4d/61234dbe5815d2d887dd60bdf264801b--white-persian-cats-white-cats.jpg
http://catnipsum.com/wp-content/uploads/2013/03/Calico-Chintz-persian-cat-1-580x435.jpg
https://upload.wikimedia.org/wikipedia/commons/thumb/d/d4/Lion_cut_tortoiseshell_Persian.jpg/220px-Lion_cut_tortoiseshell_Persian.jpg
https://marketplace.canva.com/MAC3rsRywCc/1/thumbnail_large/canva-persian-cat-portrait-MAC3rsRywCc.jpg
https://i.etsystatic.com/6352607/d/il/8c9ee3/777279191/il_340x270.777279191_8nhf.jpg?version=0
https://cdn.clipart.email/77d056da6d93142c7750025fd49c9e77_persian-cat-coloring-pages-cats-persian-cat-coloring-pages-ideas-_717-469.gif
https://www.thesprucepets.com/thmb/_hrD3s-77pQKFbmt4yQt23s0hHo=/450x0/filters:no_upscale():max_bytes(150000):strip_icc()/cat-3111231_1920-5c4a041846e0fb00016c41f1.jpg
https://imgc.artprintimages.com/img/print/persian-cat-brown-tabby-face-portrait-texas-usa_u-l-p70y8v0.jpg?h=550&w=550&background=fbfbfb
https://media3.giphy.com/media/V5QvBgyWmGo5q/giphy.gif
https://apollo-singapore.akamaized.net/v1/files/3oadify7q1wf2-IN/image;s=272x0
http://catnipsum.com/wp-content/uploads/2013/03/tortoiseshell_persian_cat3.jpg
https://c8.alamy.com/comp/N00BWH/sycamore-ave-godalming-uk-18th-mar-2017-a-pedigree-persian-cat-staring-N00BWH.jpg
http://www.purrinlot.com/Athena.jpg
http://earthporm.com/wp-content/uploads/2014/10/garfi-evil-grumpy-persian-cat-25__700.jpg
https://lookaside.fbsbx.com/lookaside/crawler/media/?media_id=1226547710723873
https://t2.ea.ltmcdn.com/en/images/7/3/3/img_gray_persian_cats_photo_gallery_337_paso_0_600.jpg
https://upload.wikimedia.org/wikipedia/commons/6/66/Strathcona-Siamese-Persian-mix-cat-3730.jpg
https://www.cat-breeds-encyclopedia.com/images/Persian-cat-stats.jpg
https://c8.alamy.com/comp/A220MX/white-persian-cat-with-blue-eyes-laying-on-an-oversized-red-chair-A220MX.jpg
https://www.pets4homes.co.uk/images/articles/4012/large/what-is-a-traditional-or-doll-faced-persian-cat-58da38e27b145.jpg
http://earthporm.com/wp-content/uploads/2014/10/garfi-evil-grumpy-persian-cat-5__700.jpg
https://apollo-singapore.akamaized.net/v1/files/75v5r7oup0iy1-IN/image;s=272x0
https://lookaside.fbsbx.com/lookaside/crawler/media/?media_id=603233386450596
https://i.ytimg.com/vi/Fs4InLAQ_MM/maxresdefault.jpg
http://www.purrinlot.com/media/wysiwyg/anna-persian-cat-grooming_1.jpg
https://www.thesprucepets.com/thmb/sjwAxSKIH1NtFYPSPpzt7Njn1N0=/450x0/filters:no_upscale():max_bytes(150000):strip_icc()/persian-cat-sniffing-litter-box-106887241-58120ce33df78c2c73200f1b.jpg
https://media2.giphy.com/media/PDm1eQLd7gxyM/giphy.gif
https://apollo-singapore.akamaized.net/v1/files/u38ipdy4o619-IN/image;s=272x0
https://lookaside.fbsbx.com/lookaside/crawler/media/?media_id=186993764996621
https://upload.wikimedia.org/wikipedia/commons/7/7a/%27Doll-Faced_Persian_Cat_with_her_litter_of_6_kittens%27_crop.jpg
https://catspro.com/wp-content/uploads/2018/03/calico-persian-cat-sitting-810x456.jpg
http://catnipsum.com/wp-content/uploads/2013/03/Golden-persian-cat-1.jpg
https://media2.giphy.com/media/sDkKnQA4tpsVW/giphy.gif